id,week,season,operator,operator_slate_id,operator_start_time,sportsdata_id,number_of_games,name,game_type,is_multi_day_slate,salary_cap,roster_slots,active,updated_at,display_name,status,league,rts_id
742,1,2021REG,DraftKings,53018,9/9/2021 20:20,6431,1,DAL vs TB,Showdown Captain Mode,FALSE,50000,"CPT,FLEX,FLEX,FLEX,FLEX,FLEX",FALSE,30:38.6,DAL @ TB,disabled,nfl,0
752,1,2021REG,DraftKings,55843,9/12/2021 20:20,6585,1,CHI vs LAR,Showdown Captain Mode,FALSE,50000,"CPT,FLEX,FLEX,FLEX,FLEX,FLEX",FALSE,35:23.0,CHI @ LAR,disabled,nfl,0
755,1,2021REG,DraftKings,55990,9/12/2021 13:00,6591,1,JAX vs HOU,Showdown Captain Mode,FALSE,50000,"CPT,FLEX,FLEX,FLEX,FLEX,FLEX",FALSE,32:43.9,JAX @ HOU,disabled,nfl,0
756,1,2021REG,DraftKings,55991,9/12/2021 13:00,6592,1,LAC vs WAS,Showdown Captain Mode,FALSE,50000,"CPT,FLEX,FLEX,FLEX,FLEX,FLEX",FALSE,32:49.0,LAC @ WAS,disabled,nfl,0
757,1,2021REG,DraftKings,55992,9/12/2021 13:00,6593,1,SEA vs IND,Showdown Captain Mode,FALSE,50000,"CPT,FLEX,FLEX,FLEX,FLEX,FLEX",FALSE,32:53.5,SEA @ IND,disabled,nfl,0
758,1,2021REG,DraftKings,55993,9/12/2021 13:00,6594,1,NYJ vs CAR,Showdown Captain Mode,FALSE,50000,"CPT,FLEX,FLEX,FLEX,FLEX,FLEX",FALSE,32:58.5,NYJ @ CAR,disabled,nfl,0
759,1,2021REG,DraftKings,55994,9/12/2021 13:00,6595,1,MIN vs CIN,Showdown Captain Mode,FALSE,50000,"CPT,FLEX,FLEX,FLEX,FLEX,FLEX",FALSE,33:03.5,MIN @ CIN,disabled,nfl,0
760,1,2021REG,DraftKings,55995,9/12/2021 13:00,6596,1,ARI vs TEN,Showdown Captain Mode,FALSE,50000,"CPT,FLEX,FLEX,FLEX,FLEX,FLEX",FALSE,33:10.9,ARI @ TEN,disabled,nfl,0
761,1,2021REG,DraftKings,55996,9/12/2021 13:00,6608,1,SF vs DET,Showdown Captain Mode,FALSE,50000,"CPT,FLEX,FLEX,FLEX,FLEX,FLEX",FALSE,33:15.7,SF @ DET,disabled,nfl,0
762,1,2021REG,DraftKings,55997,9/12/2021 13:00,6609,1,PIT vs BUF,Showdown Captain Mode,FALSE,50000,"CPT,FLEX,FLEX,FLEX,FLEX,FLEX",FALSE,33:21.3,PIT @ BUF,disabled,nfl,0
763,1,2021REG,DraftKings,55998,9/12/2021 13:00,6610,1,PHI vs ATL,Showdown Captain Mode,FALSE,50000,"CPT,FLEX,FLEX,FLEX,FLEX,FLEX",FALSE,33:26.3,PHI @ ATL,disabled,nfl,0
766,1,2021REG,DraftKings,55999,9/12/2021 16:25,6603,1,CLE vs KC,Showdown Captain Mode,FALSE,50000,"CPT,FLEX,FLEX,FLEX,FLEX,FLEX",FALSE,34:26.3,CLE @ KC,disabled,nfl,0
767,1,2021REG,DraftKings,56000,9/12/2021 16:25,6604,1,GB vs NO,Showdown Captain Mode,FALSE,50000,"CPT,FLEX,FLEX,FLEX,FLEX,FLEX",FALSE,34:32.4,GB @ NO,disabled,nfl,0
768,1,2021REG,DraftKings,56001,9/12/2021 16:25,6605,1,DEN vs NYG,Showdown Captain Mode,FALSE,50000,"CPT,FLEX,FLEX,FLEX,FLEX,FLEX",FALSE,34:39.1,DEN @ NYG,disabled,nfl,0
769,1,2021REG,DraftKings,56002,9/12/2021 16:25,6606,1,MIA vs NE,Showdown Captain Mode,FALSE,50000,"CPT,FLEX,FLEX,FLEX,FLEX,FLEX",FALSE,34:44.7,MIA @ NE,disabled,nfl,0
772,1,2021REG,DraftKings,56003,9/13/2021 20:15,6600,1,BAL vs LV,Showdown Captain Mode,FALSE,50000,"CPT,FLEX,FLEX,FLEX,FLEX,FLEX",FALSE,35:40.9,BAL @ LV,active,nfl,0
817,2,2021REG,DraftKings,56004,9/16/2021 20:20,6599,1,NYG vs WAS,Showdown Captain Mode,FALSE,50000,"CPT,FLEX,FLEX,FLEX,FLEX,FLEX",FALSE,29:19.7,NYG @ WAS,disabled,nfl,0
821,2,2021REG,DraftKings,56304,9/19/2021 13:00,6684,1,NE vs NYJ,Showdown Captain Mode,FALSE,50000,"CPT,FLEX,FLEX,FLEX,FLEX,FLEX",FALSE,31:26.7,NE vs NYJ,disabled,nfl,0
822,2,2021REG,DraftKings,56305,9/19/2021 13:00,6685,1,DEN vs JAX,Showdown Captain Mode,FALSE,50000,"CPT,FLEX,FLEX,FLEX,FLEX,FLEX",FALSE,31:30.8,DEN vs JAX,disabled,nfl,0
823,2,2021REG,DraftKings,56306,9/19/2021 13:00,6686,1,BUF vs MIA,Showdown Captain Mode,FALSE,50000,"CPT,FLEX,FLEX,FLEX,FLEX,FLEX",FALSE,31:34.7,BUF vs MIA,disabled,nfl,0
824,2,2021REG,DraftKings,56307,9/19/2021 13:00,6687,1,SF vs PHI,Showdown Captain Mode,FALSE,50000,"CPT,FLEX,FLEX,FLEX,FLEX,FLEX",FALSE,31:40.2,SF vs PHI,disabled,nfl,0
825,2,2021REG,DraftKings,56308,9/19/2021 13:00,6688,1,LAR vs IND,Showdown Captain Mode,FALSE,50000,"CPT,FLEX,FLEX,FLEX,FLEX,FLEX",FALSE,31:43.8,LAR vs IND,disabled,nfl,0
826,2,2021REG,DraftKings,56309,9/19/2021 13:00,6689,1,LV vs PIT,Showdown Captain Mode,FALSE,50000,"CPT,FLEX,FLEX,FLEX,FLEX,FLEX",FALSE,31:47.9,LV vs PIT,disabled,nfl,0
827,2,2021REG,DraftKings,56310,9/19/2021 13:00,6690,1,CIN vs CHI,Showdown Captain Mode,FALSE,50000,"CPT,FLEX,FLEX,FLEX,FLEX,FLEX",FALSE,31:51.6,CIN vs CHI,disabled,nfl,0
828,2,2021REG,DraftKings,56311,9/19/2021 13:00,6691,1,HOU vs CLE,Showdown Captain Mode,FALSE,50000,"CPT,FLEX,FLEX,FLEX,FLEX,FLEX",FALSE,31:57.3,HOU vs CLE,disabled,nfl,0
831,2,2021REG,DraftKings,56312,9/19/2021 13:00,6703,1,NO vs CAR,Showdown Captain Mode,FALSE,50000,"CPT,FLEX,FLEX,FLEX,FLEX,FLEX",FALSE,32:58.4,NO vs CAR,disabled,nfl,0
833,2,2021REG,DraftKings,56315,9/19/2021 16:05,6700,1,MIN vs ARI,Showdown Captain Mode,FALSE,50000,"CPT,FLEX,FLEX,FLEX,FLEX,FLEX",FALSE,33:25.5,MIN vs ARI,disabled,nfl,0
834,2,2021REG,DraftKings,56316,9/19/2021 16:05,6701,1,ATL vs TB,Showdown Captain Mode,FALSE,50000,"CPT,FLEX,FLEX,FLEX,FLEX,FLEX",FALSE,33:29.4,ATL vs TB,disabled,nfl,0
836,2,2021REG,DraftKings,56317,9/19/2021 16:25,6698,1,TEN vs SEA,Showdown Captain Mode,FALSE,50000,"CPT,FLEX,FLEX,FLEX,FLEX,FLEX",FALSE,33:39.9,TEN vs SEA,disabled,nfl,0
837,2,2021REG,DraftKings,56318,9/19/2021 16:25,6699,1,DAL vs LAC,Showdown Captain Mode,FALSE,50000,"CPT,FLEX,FLEX,FLEX,FLEX,FLEX",FALSE,33:45.8,DAL vs LAC,disabled,nfl,0
839,2,2021REG,DraftKings,56319,9/19/2021 20:20,6696,1,KC vs BAL,Showdown Captain Mode,FALSE,50000,"CPT,FLEX,FLEX,FLEX,FLEX,FLEX",FALSE,34:11.4,KC vs BAL,disabled,nfl,0
841,2,2021REG,DraftKings,56320,9/20/2021 20:15,6695,1,DET vs GB,Showdown Captain Mode,FALSE,50000,"CPT,FLEX,FLEX,FLEX,FLEX,FLEX",FALSE,34:29.9,DET vs GB,active,nfl,0
923,3,2021REG,DraftKings,56321,9/23/2021 20:20,6694,1,CAR vs HOU,Showdown Captain Mode,FALSE,50000,"CPT,FLEX,FLEX,FLEX,FLEX,FLEX",FALSE,45:34.8,CAR vs HOU,disabled,nfl,0
926,3,2021REG,DraftKings,56120,9/26/2021 13:00,6660,1,WAS vs BUF,Showdown Captain Mode,FALSE,50000,"CPT,FLEX,FLEX,FLEX,FLEX,FLEX",FALSE,45:47.9,WAS vs BUF,disabled,nfl,0
934,3,2021REG,DraftKings,56621,9/26/2021 13:00,6806,1,CHI vs CLE,Showdown Captain Mode,FALSE,50000,"CPT,FLEX,FLEX,FLEX,FLEX,FLEX",FALSE,47:22.6,CHI vs CLE,disabled,nfl,0
935,3,2021REG,DraftKings,56622,9/26/2021 13:00,6807,1,IND vs TEN,Showdown Captain Mode,FALSE,50000,"CPT,FLEX,FLEX,FLEX,FLEX,FLEX",FALSE,47:26.5,IND vs TEN,disabled,nfl,0
936,3,2021REG,DraftKings,56623,9/26/2021 13:00,6808,1,ATL vs NYG,Showdown Captain Mode,FALSE,50000,"CPT,FLEX,FLEX,FLEX,FLEX,FLEX",FALSE,47:30.6,ATL vs NYG,disabled,nfl,0
937,3,2021REG,DraftKings,56624,9/26/2021 13:00,6809,1,LAC vs KC,Showdown Captain Mode,FALSE,50000,"CPT,FLEX,FLEX,FLEX,FLEX,FLEX",FALSE,47:34.7,LAC vs KC,disabled,nfl,0
938,3,2021REG,DraftKings,56625,9/26/2021 13:00,6810,1,CIN vs PIT,Showdown Captain Mode,FALSE,50000,"CPT,FLEX,FLEX,FLEX,FLEX,FLEX",FALSE,47:38.3,CIN vs PIT,disabled,nfl,0
939,3,2021REG,DraftKings,56626,9/26/2021 13:00,6811,1,BAL vs DET,Showdown Captain Mode,FALSE,50000,"CPT,FLEX,FLEX,FLEX,FLEX,FLEX",FALSE,47:41.9,BAL vs DET,disabled,nfl,0
940,3,2021REG,DraftKings,56627,9/26/2021 13:00,6812,1,NO vs NE,Showdown Captain Mode,FALSE,50000,"CPT,FLEX,FLEX,FLEX,FLEX,FLEX",FALSE,47:45.9,NO vs NE,disabled,nfl,0
941,3,2021REG,DraftKings,56628,9/26/2021 13:00,6813,1,ARI vs JAX,Showdown Captain Mode,FALSE,50000,"CPT,FLEX,FLEX,FLEX,FLEX,FLEX",FALSE,47:49.9,ARI vs JAX,disabled,nfl,0
944,3,2021REG,DraftKings,56629,9/26/2021 16:05,6801,1,NYJ vs DEN,Showdown Captain Mode,FALSE,50000,"CPT,FLEX,FLEX,FLEX,FLEX,FLEX",FALSE,48:13.2,NYJ vs DEN,disabled,nfl,0
945,3,2021REG,DraftKings,56630,9/26/2021 16:05,6802,1,MIA vs LV,Showdown Captain Mode,FALSE,50000,"CPT,FLEX,FLEX,FLEX,FLEX,FLEX",FALSE,48:16.7,MIA vs LV,disabled,nfl,0
947,3,2021REG,DraftKings,56631,9/26/2021 16:25,6799,1,SEA vs MIN,Showdown Captain Mode,FALSE,50000,"CPT,FLEX,FLEX,FLEX,FLEX,FLEX",FALSE,48:24.8,SEA vs MIN,disabled,nfl,0
948,3,2021REG,DraftKings,56632,9/26/2021 16:25,6800,1,TB vs LAR,Showdown Captain Mode,FALSE,50000,"CPT,FLEX,FLEX,FLEX,FLEX,FLEX",FALSE,48:28.8,TB vs LAR,disabled,nfl,0
950,3,2021REG,DraftKings,56633,9/26/2021 20:20,6796,1,GB vs SF,Showdown Captain Mode,FALSE,50000,"CPT,FLEX,FLEX,FLEX,FLEX,FLEX",FALSE,48:51.0,GB vs SF,disabled,nfl,0
952,3,2021REG,DraftKings,56634,9/27/2021 20:15,6794,1,PHI vs DAL,Showdown Captain Mode,FALSE,50000,"CPT,FLEX,FLEX,FLEX,FLEX,FLEX",FALSE,49:07.7,PHI vs DAL,active,nfl,0
1003,4,2021REG,DraftKings,56635,9/30/2021 20:20,6792,1,JAX vs CIN,Showdown Captain Mode,FALSE,50000,"CPT,FLEX,FLEX,FLEX,FLEX,FLEX",FALSE,36:06.6,JAX @ CIN,disabled,nfl,0
1011,4,2021REG,DraftKings,56995,10/3/2021 13:00,6899,1,HOU vs BUF,Showdown Captain Mode,FALSE,50000,"CPT,FLEX,FLEX,FLEX,FLEX,FLEX",FALSE,38:05.2,HOU vs BUF,disabled,nfl,0
1012,4,2021REG,DraftKings,56996,10/3/2021 13:00,6900,1,DET vs CHI,Showdown Captain Mode,FALSE,50000,"CPT,FLEX,FLEX,FLEX,FLEX,FLEX",FALSE,38:09.8,DET vs CHI,disabled,nfl,0
1013,4,2021REG,DraftKings,56997,10/3/2021 13:00,6901,1,TEN vs NYJ,Showdown Captain Mode,FALSE,50000,"CPT,FLEX,FLEX,FLEX,FLEX,FLEX",FALSE,38:14.8,TEN vs NYJ,disabled,nfl,0
1014,4,2021REG,DraftKings,56998,10/3/2021 13:00,6902,1,KC vs PHI,Showdown Captain Mode,FALSE,50000,"CPT,FLEX,FLEX,FLEX,FLEX,FLEX",FALSE,38:21.6,KC vs PHI,disabled,nfl,0
1015,4,2021REG,DraftKings,56999,10/3/2021 13:00,6915,1,CAR vs DAL,Showdown Captain Mode,FALSE,50000,"CPT,FLEX,FLEX,FLEX,FLEX,FLEX",FALSE,38:26.3,CAR vs DAL,disabled,nfl,0
1016,4,2021REG,DraftKings,57000,10/3/2021 13:00,6916,1,NYG vs NO,Showdown Captain Mode,FALSE,50000,"CPT,FLEX,FLEX,FLEX,FLEX,FLEX",FALSE,38:31.2,NYG vs NO,disabled,nfl,0
1017,4,2021REG,DraftKings,57001,10/3/2021 13:00,6917,1,CLE vs MIN,Showdown Captain Mode,FALSE,50000,"CPT,FLEX,FLEX,FLEX,FLEX,FLEX",FALSE,38:36.4,CLE vs MIN,disabled,nfl,0
1018,4,2021REG,DraftKings,57002,10/3/2021 13:00,6918,1,IND vs MIA,Showdown Captain Mode,FALSE,50000,"CPT,FLEX,FLEX,FLEX,FLEX,FLEX",FALSE,38:42.5,IND vs MIA,disabled,nfl,0
1019,4,2021REG,DraftKings,57003,10/3/2021 13:00,6919,1,WAS vs ATL,Showdown Captain Mode,FALSE,50000,"CPT,FLEX,FLEX,FLEX,FLEX,FLEX",FALSE,38:47.2,WAS vs ATL,disabled,nfl,0
1024,4,2021REG,DraftKings,57004,10/3/2021 16:05,6894,1,SEA vs SF,Showdown Captain Mode,FALSE,50000,"CPT,FLEX,FLEX,FLEX,FLEX,FLEX",FALSE,39:19.7,SEA vs SF,disabled,nfl,0
1025,4,2021REG,DraftKings,57005,10/3/2021 16:05,6895,1,ARI vs LAR,Showdown Captain Mode,FALSE,50000,"CPT,FLEX,FLEX,FLEX,FLEX,FLEX",FALSE,39:24.9,ARI vs LAR,disabled,nfl,0
1027,4,2021REG,DraftKings,57006,10/3/2021 16:25,6891,1,PIT vs GB,Showdown Captain Mode,FALSE,50000,"CPT,FLEX,FLEX,FLEX,FLEX,FLEX",FALSE,39:35.8,PIT vs GB,disabled,nfl,0
1028,4,2021REG,DraftKings,57007,10/3/2021 16:25,6892,1,BAL vs DEN,Showdown Captain Mode,FALSE,50000,"CPT,FLEX,FLEX,FLEX,FLEX,FLEX",FALSE,39:40.9,BAL vs DEN,disabled,nfl,0
1034,4,2021REG,DraftKings,57008,10/3/2021 20:20,6889,1,TB vs NE,Showdown Captain Mode,FALSE,50000,"CPT,FLEX,FLEX,FLEX,FLEX,FLEX",FALSE,40:09.7,TB vs NE,disabled,nfl,0
1038,4,2021REG,DraftKings,57009,10/4/2021 20:15,6887,1,LV vs LAC,Showdown Captain Mode,FALSE,50000,"CPT,FLEX,FLEX,FLEX,FLEX,FLEX",FALSE,40:33.3,LV vs LAC,active,nfl,0
1074,5,2021REG,DraftKings,56823,10/7/2021 20:20,6861,1,LAR vs SEA,Showdown Captain Mode,FALSE,50000,"CPT,FLEX,FLEX,FLEX,FLEX,FLEX",FALSE,53:10.3,LAR vs SEA,disabled,nfl,0
1080,5,2021REG,DraftKings,57178,10/11/2021 20:15,6956,1,IND vs BAL,Showdown Captain Mode,FALSE,50000,"CPT,FLEX,FLEX,FLEX,FLEX,FLEX",FALSE,59:45.9,IND vs BAL,active,nfl,0
1085,5,2021REG,DraftKings,57268,10/10/2021 9:30,7007,1,NYJ vs ATL,Showdown Captain Mode,FALSE,50000,"CPT,FLEX,FLEX,FLEX,FLEX,FLEX",FALSE,55:31.5,NYJ vs ATL,disabled,nfl,0
1087,5,2021REG,DraftKings,57269,10/10/2021 13:00,6994,1,NE vs HOU,Showdown Captain Mode,FALSE,50000,"CPT,FLEX,FLEX,FLEX,FLEX,FLEX",FALSE,56:18.4,NE vs HOU,disabled,nfl,0
1088,5,2021REG,DraftKings,57270,10/10/2021 13:00,6995,1,DET vs MIN,Showdown Captain Mode,FALSE,50000,"CPT,FLEX,FLEX,FLEX,FLEX,FLEX",FALSE,56:23.5,DET vs MIN,disabled,nfl,0
1089,5,2021REG,DraftKings,57271,10/10/2021 13:00,6996,1,NO vs WAS,Showdown Captain Mode,FALSE,50000,"CPT,FLEX,FLEX,FLEX,FLEX,FLEX",FALSE,56:30.5,NO vs WAS,disabled,nfl,0
1090,5,2021REG,DraftKings,57272,10/10/2021 13:00,6997,1,MIA vs TB,Showdown Captain Mode,FALSE,50000,"CPT,FLEX,FLEX,FLEX,FLEX,FLEX",FALSE,56:35.8,MIA vs TB,disabled,nfl,0
1091,5,2021REG,DraftKings,57273,10/10/2021 13:00,6998,1,GB vs CIN,Showdown Captain Mode,FALSE,50000,"CPT,FLEX,FLEX,FLEX,FLEX,FLEX",FALSE,56:40.8,GB vs CIN,disabled,nfl,0
1092,5,2021REG,DraftKings,57274,10/10/2021 13:00,6999,1,DEN vs PIT,Showdown Captain Mode,FALSE,50000,"CPT,FLEX,FLEX,FLEX,FLEX,FLEX",FALSE,56:49.9,DEN vs PIT,disabled,nfl,0
1093,5,2021REG,DraftKings,57275,10/10/2021 13:00,7000,1,PHI vs CAR,Showdown Captain Mode,FALSE,50000,"CPT,FLEX,FLEX,FLEX,FLEX,FLEX",FALSE,56:55.1,PHI vs CAR,disabled,nfl,0
1094,5,2021REG,DraftKings,57276,10/10/2021 13:00,7001,1,TEN vs JAX,Showdown Captain Mode,FALSE,50000,"CPT,FLEX,FLEX,FLEX,FLEX,FLEX",FALSE,57:00.3,TEN vs JAX,disabled,nfl,0
1097,5,2021REG,DraftKings,57277,10/10/2021 16:05,6989,1,CHI vs LV,Showdown Captain Mode,FALSE,50000,"CPT,FLEX,FLEX,FLEX,FLEX,FLEX",FALSE,58:23.2,CHI vs LV,disabled,nfl,0
1098,5,2021REG,DraftKings,57278,10/10/2021 16:05,6990,1,CLE vs LAC,Showdown Captain Mode,FALSE,50000,"CPT,FLEX,FLEX,FLEX,FLEX,FLEX",FALSE,58:29.9,CLE vs LAC,disabled,nfl,0
1100,5,2021REG,DraftKings,57279,10/10/2021 16:25,6985,1,SF vs ARI,Showdown Captain Mode,FALSE,50000,"CPT,FLEX,FLEX,FLEX,FLEX,FLEX",FALSE,58:46.1,SF vs ARI,disabled,nfl,0
1101,5,2021REG,DraftKings,57280,10/10/2021 16:25,6986,1,NYG vs DAL,Showdown Captain Mode,FALSE,50000,"CPT,FLEX,FLEX,FLEX,FLEX,FLEX",FALSE,58:55.5,NYG vs DAL,disabled,nfl,0
1103,5,2021REG,DraftKings,57281,10/10/2021 20:20,6980,1,BUF vs KC,Showdown Captain Mode,FALSE,50000,"CPT,FLEX,FLEX,FLEX,FLEX,FLEX",FALSE,59:28.4,BUF vs KC,disabled,nfl,0
1157,6,2021REG,DraftKings,57282,10/14/2021 20:20,6975,1,TB vs PHI,Showdown Captain Mode,FALSE,50000,"CPT,FLEX,FLEX,FLEX,FLEX,FLEX",FALSE,56:22.3,TB vs PHI,disabled,nfl,0
1165,6,2021REG,DraftKings,57735,10/17/2021 9:30,7114,1,MIA vs JAX,Showdown Captain Mode,FALSE,50000,"CPT,FLEX,FLEX,FLEX,FLEX,FLEX",FALSE,57:03.4,MIA vs JAX,disabled,nfl,0
1168,6,2021REG,DraftKings,57736,10/17/2021 13:00,7107,1,HOU vs IND,Showdown Captain Mode,FALSE,50000,"CPT,FLEX,FLEX,FLEX,FLEX,FLEX",FALSE,58:00.8,HOU vs IND,disabled,nfl,0
1169,6,2021REG,DraftKings,57737,10/17/2021 13:00,7108,1,GB vs CHI,Showdown Captain Mode,FALSE,50000,"CPT,FLEX,FLEX,FLEX,FLEX,FLEX",FALSE,58:04.5,GB vs CHI,disabled,nfl,0
1170,6,2021REG,DraftKings,57738,10/17/2021 13:00,7109,1,KC vs WAS,Showdown Captain Mode,FALSE,50000,"CPT,FLEX,FLEX,FLEX,FLEX,FLEX",FALSE,58:08.1,KC vs WAS,disabled,nfl,0
1171,6,2021REG,DraftKings,57739,10/17/2021 13:00,7110,1,LAR vs NYG,Showdown Captain Mode,FALSE,50000,"CPT,FLEX,FLEX,FLEX,FLEX,FLEX",FALSE,58:11.5,LAR vs NYG,disabled,nfl,0
1172,6,2021REG,DraftKings,57740,10/17/2021 13:00,7111,1,CIN vs DET,Showdown Captain Mode,FALSE,50000,"CPT,FLEX,FLEX,FLEX,FLEX,FLEX",FALSE,58:14.9,CIN vs DET,disabled,nfl,0
1173,6,2021REG,DraftKings,57741,10/17/2021 13:00,7112,1,LAC vs BAL,Showdown Captain Mode,FALSE,50000,"CPT,FLEX,FLEX,FLEX,FLEX,FLEX",FALSE,58:18.2,LAC vs BAL,disabled,nfl,0
1174,6,2021REG,DraftKings,57742,10/17/2021 13:00,7113,1,MIN vs CAR,Showdown Captain Mode,FALSE,50000,"CPT,FLEX,FLEX,FLEX,FLEX,FLEX",FALSE,58:21.7,MIN vs CAR,disabled,nfl,0
1176,6,2021REG,DraftKings,57743,10/17/2021 16:05,7106,1,ARI vs CLE,Showdown Captain Mode,FALSE,50000,"CPT,FLEX,FLEX,FLEX,FLEX,FLEX",FALSE,31:02.5,ARI vs CLE,disabled,nfl,0
1178,6,2021REG,DraftKings,57744,10/17/2021 16:25,7104,1,LV vs DEN,Showdown Captain Mode,FALSE,50000,"CPT,FLEX,FLEX,FLEX,FLEX,FLEX",FALSE,31:03.0,LV vs DEN,disabled,nfl,0
1179,6,2021REG,DraftKings,57745,10/17/2021 16:25,7105,1,DAL vs NE,Showdown Captain Mode,FALSE,50000,"CPT,FLEX,FLEX,FLEX,FLEX,FLEX",FALSE,31:04.9,DAL vs NE,disabled,nfl,0
1181,6,2021REG,DraftKings,57746,10/17/2021 20:20,7103,1,SEA vs PIT,Showdown Captain Mode,FALSE,50000,"CPT,FLEX,FLEX,FLEX,FLEX,FLEX",FALSE,31:05.4,SEA vs PIT,disabled,nfl,0
1183,6,2021REG,DraftKings,57747,10/18/2021 20:15,7102,1,BUF vs TEN,Showdown Captain Mode,FALSE,50000,"CPT,FLEX,FLEX,FLEX,FLEX,FLEX",FALSE,59:20.3,BUF vs TEN,active,nfl,0
1230,7,2021REG,DraftKings,57748,10/21/2021 20:20,7101,1,DEN vs CLE,Showdown Captain Mode,FALSE,50000,"CPT,FLEX,FLEX,FLEX,FLEX,FLEX",FALSE,42:29.8,DEN vs CLE,disabled,nfl,0
1234,7,2021REG,DraftKings,57840,10/24/2021 13:00,7147,1,CAR vs NYG,Showdown Captain Mode,FALSE,50000,"CPT,FLEX,FLEX,FLEX,FLEX,FLEX",FALSE,43:24.2,CAR vs NYG,disabled,nfl,0
1237,7,2021REG,DraftKings,58077,10/24/2021 13:00,7186,1,NYJ vs NE,Showdown Captain Mode,FALSE,50000,"CPT,FLEX,FLEX,FLEX,FLEX,FLEX",FALSE,44:28.1,NYJ vs NE,disabled,nfl,0
1238,7,2021REG,DraftKings,58078,10/24/2021 13:00,7187,1,KC vs TEN,Showdown Captain Mode,FALSE,50000,"CPT,FLEX,FLEX,FLEX,FLEX,FLEX",FALSE,44:33.2,KC vs TEN,disabled,nfl,0
1239,7,2021REG,DraftKings,58079,10/24/2021 13:00,7188,1,WAS vs GB,Showdown Captain Mode,FALSE,50000,"CPT,FLEX,FLEX,FLEX,FLEX,FLEX",FALSE,44:41.1,WAS vs GB,disabled,nfl,0
1240,7,2021REG,DraftKings,58080,10/24/2021 13:00,7189,1,ATL vs MIA,Showdown Captain Mode,FALSE,50000,"CPT,FLEX,FLEX,FLEX,FLEX,FLEX",FALSE,44:45.9,ATL vs MIA,disabled,nfl,0
1241,7,2021REG,DraftKings,58081,10/24/2021 13:00,7190,1,CIN vs BAL,Showdown Captain Mode,FALSE,50000,"CPT,FLEX,FLEX,FLEX,FLEX,FLEX",FALSE,44:53.0,CIN vs BAL,disabled,nfl,0
1242,7,2021REG,DraftKings,58082,10/24/2021 16:05,7183,1,DET vs LAR,Showdown Captain Mode,FALSE,50000,"CPT,FLEX,FLEX,FLEX,FLEX,FLEX",FALSE,45:34.3,DET vs LAR,disabled,nfl,0
1243,7,2021REG,DraftKings,58083,10/24/2021 16:05,7184,1,PHI vs LV,Showdown Captain Mode,FALSE,50000,"CPT,FLEX,FLEX,FLEX,FLEX,FLEX",FALSE,45:41.1,PHI vs LV,disabled,nfl,0
1245,7,2021REG,DraftKings,58084,10/24/2021 16:25,7180,1,HOU vs ARI,Showdown Captain Mode,FALSE,50000,"CPT,FLEX,FLEX,FLEX,FLEX,FLEX",FALSE,46:00.3,HOU vs ARI,disabled,nfl,0
1246,7,2021REG,DraftKings,58085,10/24/2021 16:25,7181,1,CHI vs TB,Showdown Captain Mode,FALSE,50000,"CPT,FLEX,FLEX,FLEX,FLEX,FLEX",FALSE,46:08.8,CHI vs TB,disabled,nfl,0
1248,7,2021REG,DraftKings,58086,10/24/2021 20:20,7178,1,IND vs SF,Showdown Captain Mode,FALSE,50000,"CPT,FLEX,FLEX,FLEX,FLEX,FLEX",FALSE,46:38.8,IND vs SF,disabled,nfl,0
1250,7,2021REG,DraftKings,58087,10/25/2021 20:15,7176,1,NO vs SEA,Showdown Captain Mode,FALSE,50000,"CPT,FLEX,FLEX,FLEX,FLEX,FLEX",FALSE,47:10.0,NO vs SEA,active,nfl,0
1296,8,2021REG,DraftKings,58088,10/28/2021 20:20,7174,1,GB vs ARI,Showdown Captain Mode,FALSE,50000,"CPT,FLEX,FLEX,FLEX,FLEX,FLEX",FALSE,09:07.0,GB vs ARI,disabled,nfl,0
1303,8,2021REG,DraftKings,58416,10/31/2021 13:00,7272,1,MIA vs BUF,Showdown Captain Mode,FALSE,50000,"CPT,FLEX,FLEX,FLEX,FLEX,FLEX",FALSE,12:07.2,MIA vs BUF,disabled,nfl,0
1304,8,2021REG,DraftKings,58417,10/31/2021 13:00,7273,1,LAR vs HOU,Showdown Captain Mode,FALSE,50000,"CPT,FLEX,FLEX,FLEX,FLEX,FLEX",FALSE,12:14.2,LAR vs HOU,disabled,nfl,0
1305,8,2021REG,DraftKings,58418,10/31/2021 13:00,7274,1,SF vs CHI,Showdown Captain Mode,FALSE,50000,"CPT,FLEX,FLEX,FLEX,FLEX,FLEX",FALSE,12:20.3,SF vs CHI,disabled,nfl,0
1306,8,2021REG,DraftKings,58419,10/31/2021 13:00,7275,1,CIN vs NYJ,Showdown Captain Mode,FALSE,50000,"CPT,FLEX,FLEX,FLEX,FLEX,FLEX",FALSE,12:30.5,CIN vs NYJ,disabled,nfl,0
1307,8,2021REG,DraftKings,58420,10/31/2021 13:00,7276,1,TEN vs IND,Showdown Captain Mode,FALSE,50000,"CPT,FLEX,FLEX,FLEX,FLEX,FLEX",FALSE,12:36.3,TEN vs IND,disabled,nfl,0
1308,8,2021REG,DraftKings,58421,10/31/2021 13:00,7277,1,PIT vs CLE,Showdown Captain Mode,FALSE,50000,"CPT,FLEX,FLEX,FLEX,FLEX,FLEX",FALSE,12:41.9,PIT vs CLE,disabled,nfl,0
1309,8,2021REG,DraftKings,58422,10/31/2021 13:00,7278,1,PHI vs DET,Showdown Captain Mode,FALSE,50000,"CPT,FLEX,FLEX,FLEX,FLEX,FLEX",FALSE,12:47.9,PHI vs DET,disabled,nfl,0
1310,8,2021REG,DraftKings,58423,10/31/2021 13:00,7279,1,CAR vs ATL,Showdown Captain Mode,FALSE,50000,"CPT,FLEX,FLEX,FLEX,FLEX,FLEX",FALSE,12:55.2,CAR vs ATL,disabled,nfl,0
1313,8,2021REG,DraftKings,58424,10/31/2021 16:05,7269,1,NE vs LAC,Showdown Captain Mode,FALSE,50000,"CPT,FLEX,FLEX,FLEX,FLEX,FLEX",FALSE,15:03.6,NE vs LAC,disabled,nfl,0
1314,8,2021REG,DraftKings,58425,10/31/2021 16:05,7270,1,JAX vs SEA,Showdown Captain Mode,FALSE,50000,"CPT,FLEX,FLEX,FLEX,FLEX,FLEX",FALSE,15:10.0,JAX vs SEA,disabled,nfl,0
1316,8,2021REG,DraftKings,58426,10/31/2021 16:25,7266,1,WAS vs DEN,Showdown Captain Mode,FALSE,50000,"CPT,FLEX,FLEX,FLEX,FLEX,FLEX",FALSE,15:34.8,WAS vs DEN,disabled,nfl,0
1317,8,2021REG,DraftKings,58427,10/31/2021 16:25,7267,1,TB vs NO,Showdown Captain Mode,FALSE,50000,"CPT,FLEX,FLEX,FLEX,FLEX,FLEX",FALSE,15:42.6,TB vs NO,disabled,nfl,0
1319,8,2021REG,DraftKings,58428,10/31/2021 20:20,7264,1,DAL vs MIN,Showdown Captain Mode,FALSE,50000,"CPT,FLEX,FLEX,FLEX,FLEX,FLEX",FALSE,16:14.6,DAL vs MIN,disabled,nfl,0
1321,8,2021REG,DraftKings,58429,11/1/2021 20:15,7262,1,NYG vs KC,Showdown Captain Mode,FALSE,50000,"CPT,FLEX,FLEX,FLEX,FLEX,FLEX",FALSE,26:19.8,NYG vs KC,active,nfl,0
1368,9,2021REG,DraftKings,58430,11/4/2021 20:20,7260,1,NYJ vs IND,Showdown Captain Mode,FALSE,50000,"CPT,FLEX,FLEX,FLEX,FLEX,FLEX",FALSE,39:00.1,NYJ vs IND,disabled,nfl,0
1390,9,2021REG,DraftKings,58823,11/7/2021 13:00,7381,1,HOU vs MIA,Showdown Captain Mode,FALSE,50000,"CPT,FLEX,FLEX,FLEX,FLEX,FLEX",FALSE,39:03.4,HOU vs MIA,disabled,nfl,0
1391,9,2021REG,DraftKings,58824,11/7/2021 13:00,7382,1,ATL vs NO,Showdown Captain Mode,FALSE,50000,"CPT,FLEX,FLEX,FLEX,FLEX,FLEX",FALSE,39:04.0,ATL vs NO,disabled,nfl,0
1392,9,2021REG,DraftKings,58825,11/7/2021 13:00,7383,1,DEN vs DAL,Showdown Captain Mode,FALSE,50000,"CPT,FLEX,FLEX,FLEX,FLEX,FLEX",FALSE,39:04.4,DEN vs DAL,disabled,nfl,0
1393,9,2021REG,DraftKings,58826,11/7/2021 13:00,7384,1,NE vs CAR,Showdown Captain Mode,FALSE,50000,"CPT,FLEX,FLEX,FLEX,FLEX,FLEX",FALSE,39:04.9,NE vs CAR,disabled,nfl,0
1394,9,2021REG,DraftKings,58827,11/7/2021 13:00,7385,1,MIN vs BAL,Showdown Captain Mode,FALSE,50000,"CPT,FLEX,FLEX,FLEX,FLEX,FLEX",FALSE,39:05.5,MIN vs BAL,disabled,nfl,0
1395,9,2021REG,DraftKings,58828,11/7/2021 13:00,7386,1,CLE vs CIN,Showdown Captain Mode,FALSE,50000,"CPT,FLEX,FLEX,FLEX,FLEX,FLEX",FALSE,39:06.0,CLE vs CIN,disabled,nfl,0
1396,9,2021REG,DraftKings,58829,11/7/2021 13:00,7387,1,LV vs NYG,Showdown Captain Mode,FALSE,50000,"CPT,FLEX,FLEX,FLEX,FLEX,FLEX",FALSE,39:06.4,LV vs NYG,disabled,nfl,0
1397,9,2021REG,DraftKings,58836,11/7/2021 13:00,7388,1,BUF vs JAX,Showdown Captain Mode,FALSE,50000,"CPT,FLEX,FLEX,FLEX,FLEX,FLEX",FALSE,39:06.8,BUF vs JAX,disabled,nfl,0
1398,9,2021REG,DraftKings,58830,11/7/2021 16:05,7378,1,LAC vs PHI,Showdown Captain Mode,FALSE,50000,"CPT,FLEX,FLEX,FLEX,FLEX,FLEX",FALSE,39:07.4,LAC vs PHI,disabled,nfl,0
1399,9,2021REG,DraftKings,58831,11/7/2021 16:25,7375,1,GB vs KC,Showdown Captain Mode,FALSE,50000,"CPT,FLEX,FLEX,FLEX,FLEX,FLEX",FALSE,39:07.9,GB vs KC,disabled,nfl,0
1400,9,2021REG,DraftKings,58832,11/7/2021 16:25,7376,1,ARI vs SF,Showdown Captain Mode,FALSE,50000,"CPT,FLEX,FLEX,FLEX,FLEX,FLEX",FALSE,39:08.7,ARI vs SF,disabled,nfl,0
1401,9,2021REG,DraftKings,58833,11/7/2021 20:20,7372,1,TEN vs LAR,Showdown Captain Mode,FALSE,50000,"CPT,FLEX,FLEX,FLEX,FLEX,FLEX",FALSE,39:10.7,TEN vs LAR,disabled,nfl,0
1402,9,2021REG,DraftKings,58834,11/8/2021 20:15,7370,1,CHI vs PIT,Showdown Captain Mode,FALSE,50000,"CPT,FLEX,FLEX,FLEX,FLEX,FLEX",FALSE,02:36.3,CHI vs PIT,active,nfl,0
1437,10,2021REG,DraftKings,59032,11/11/2021 20:20,7435,1,BAL vs MIA,Showdown Captain Mode,FALSE,50000,"CPT,FLEX,FLEX,FLEX,FLEX,FLEX",FALSE,51:10.4,BAL vs MIA,disabled,nfl,0
1441,10,2021REG,DraftKings,59101,11/14/2021 13:00,7455,1,BUF vs NYJ,Showdown Captain Mode,FALSE,50000,"CPT,FLEX,FLEX,FLEX,FLEX,FLEX",FALSE,52:03.2,BUF vs NYJ,disabled,nfl,0
1442,10,2021REG,DraftKings,59106,11/14/2021 13:00,7456,1,TB vs WAS,Showdown Captain Mode,FALSE,50000,"CPT,FLEX,FLEX,FLEX,FLEX,FLEX",FALSE,52:08.6,TB vs WAS,disabled,nfl,0
1443,10,2021REG,DraftKings,59109,11/14/2021 13:00,7457,1,ATL vs DAL,Showdown Captain Mode,FALSE,50000,"CPT,FLEX,FLEX,FLEX,FLEX,FLEX",FALSE,52:14.2,ATL vs DAL,disabled,nfl,0
1444,10,2021REG,DraftKings,59111,11/14/2021 13:00,7458,1,NO vs TEN,Showdown Captain Mode,FALSE,50000,"CPT,FLEX,FLEX,FLEX,FLEX,FLEX",FALSE,52:22.0,NO vs TEN,disabled,nfl,0
1445,10,2021REG,DraftKings,59114,11/14/2021 13:00,7459,1,JAX vs IND,Showdown Captain Mode,FALSE,50000,"CPT,FLEX,FLEX,FLEX,FLEX,FLEX",FALSE,52:28.5,JAX vs IND,disabled,nfl,0
1446,10,2021REG,DraftKings,59117,11/14/2021 13:00,7460,1,DET vs PIT,Showdown Captain Mode,FALSE,50000,"CPT,FLEX,FLEX,FLEX,FLEX,FLEX",FALSE,52:34.8,DET vs PIT,disabled,nfl,0
1447,10,2021REG,DraftKings,59119,11/14/2021 13:00,7461,1,CLE vs NE,Showdown Captain Mode,FALSE,50000,"CPT,FLEX,FLEX,FLEX,FLEX,FLEX",FALSE,52:42.0,CLE vs NE,disabled,nfl,0
1450,10,2021REG,DraftKings,59124,11/14/2021 16:05,7450,1,MIN vs LAC,Showdown Captain Mode,FALSE,50000,"CPT,FLEX,FLEX,FLEX,FLEX,FLEX",FALSE,54:04.5,MIN vs LAC,disabled,nfl,0
1451,10,2021REG,DraftKings,59163,11/14/2021 16:05,7451,1,CAR vs ARI,Showdown Captain Mode,FALSE,50000,"CPT,FLEX,FLEX,FLEX,FLEX,FLEX",FALSE,54:10.3,CAR vs ARI,disabled,nfl,0
1453,10,2021REG,DraftKings,59164,11/14/2021 16:25,7447,1,PHI vs DEN,Showdown Captain Mode,FALSE,50000,"CPT,FLEX,FLEX,FLEX,FLEX,FLEX",FALSE,54:26.0,PHI vs DEN,disabled,nfl,0
1454,10,2021REG,DraftKings,59165,11/14/2021 16:25,7448,1,SEA vs GB,Showdown Captain Mode,FALSE,50000,"CPT,FLEX,FLEX,FLEX,FLEX,FLEX",FALSE,54:31.3,SEA vs GB,disabled,nfl,0
1456,10,2021REG,DraftKings,59166,11/14/2021 20:20,7443,1,KC vs LV,Showdown Captain Mode,FALSE,50000,"CPT,FLEX,FLEX,FLEX,FLEX,FLEX",FALSE,54:53.6,KC vs LV,disabled,nfl,0
1458,10,2021REG,DraftKings,59167,11/15/2021 20:15,7440,1,LAR vs SF,Showdown Captain Mode,FALSE,50000,"CPT,FLEX,FLEX,FLEX,FLEX,FLEX",FALSE,55:18.3,LAR vs SF,active,nfl,0
1505,11,2021REG,DraftKings,59168,11/18/2021 20:20,7437,1,NE vs ATL,Showdown Captain Mode,FALSE,50000,"CPT,FLEX,FLEX,FLEX,FLEX,FLEX",TRUE,38:38.2,*DO NOT USE*,disabled,nfl,0
1518,11,2021REG,DraftKings,59540,11/18/2021 20:20,7572,1,NE vs ATL,Showdown Captain Mode,FALSE,50000,"CPT,FLEX,FLEX,FLEX,FLEX,FLEX",FALSE,39:45.3,NE vs ATL,disabled,nfl,0
1519,11,2021REG,DraftKings,59506,11/21/2021 13:00,7555,1,HOU vs TEN,Showdown Captain Mode,FALSE,50000,"CPT,FLEX,FLEX,FLEX,FLEX,FLEX",FALSE,42:32.7,HOU vs TEN,disabled,nfl,0
1520,11,2021REG,DraftKings,59507,11/21/2021 13:00,7556,1,IND vs BUF,Showdown Captain Mode,FALSE,50000,"CPT,FLEX,FLEX,FLEX,FLEX,FLEX",FALSE,42:39.4,IND vs BUF,disabled,nfl,0
1521,11,2021REG,DraftKings,59508,11/21/2021 13:00,7557,1,NO vs PHI,Showdown Captain Mode,FALSE,50000,"CPT,FLEX,FLEX,FLEX,FLEX,FLEX",FALSE,42:48.3,NO vs PHI,disabled,nfl,0
1522,11,2021REG,DraftKings,59509,11/21/2021 13:00,7558,1,MIA vs NYJ,Showdown Captain Mode,FALSE,50000,"CPT,FLEX,FLEX,FLEX,FLEX,FLEX",FALSE,42:55.1,MIA vs NYJ,disabled,nfl,0
1523,11,2021REG,DraftKings,59510,11/21/2021 13:00,7559,1,WAS vs CAR,Showdown Captain Mode,FALSE,50000,"CPT,FLEX,FLEX,FLEX,FLEX,FLEX",FALSE,43:03.6,WAS vs CAR,disabled,nfl,0
1524,11,2021REG,DraftKings,59511,11/21/2021 13:00,7560,1,DET vs CLE,Showdown Captain Mode,FALSE,50000,"CPT,FLEX,FLEX,FLEX,FLEX,FLEX",FALSE,43:08.7,DET vs CLE,disabled,nfl,0
1525,11,2021REG,DraftKings,59512,11/21/2021 13:00,7561,1,SF vs JAX,Showdown Captain Mode,FALSE,50000,"CPT,FLEX,FLEX,FLEX,FLEX,FLEX",FALSE,43:13.3,SF vs JAX,disabled,nfl,0
1526,11,2021REG,DraftKings,59513,11/21/2021 13:00,7562,1,GB vs MIN,Showdown Captain Mode,FALSE,50000,"CPT,FLEX,FLEX,FLEX,FLEX,FLEX",FALSE,43:20.2,GB vs MIN,disabled,nfl,0
1527,11,2021REG,DraftKings,59514,11/21/2021 13:00,7563,1,BAL vs CHI,Showdown Captain Mode,FALSE,50000,"CPT,FLEX,FLEX,FLEX,FLEX,FLEX",FALSE,43:26.8,BAL vs CHI,disabled,nfl,0
1528,11,2021REG,DraftKings,59515,11/21/2021 16:05,7552,1,CIN vs LV,Showdown Captain Mode,FALSE,50000,"CPT,FLEX,FLEX,FLEX,FLEX,FLEX",FALSE,43:54.1,CIN vs LV,disabled,nfl,0
1529,11,2021REG,DraftKings,59516,11/21/2021 16:25,7549,1,ARI vs SEA,Showdown Captain Mode,FALSE,50000,"CPT,FLEX,FLEX,FLEX,FLEX,FLEX",FALSE,44:05.8,ARI vs SEA,disabled,nfl,0
1530,11,2021REG,DraftKings,59517,11/21/2021 16:25,7550,1,DAL vs KC,Showdown Captain Mode,FALSE,50000,"CPT,FLEX,FLEX,FLEX,FLEX,FLEX",FALSE,44:15.2,DAL vs KC,disabled,nfl,0
1531,11,2021REG,DraftKings,59518,11/21/2021 20:20,7546,1,PIT vs LAC,Showdown Captain Mode,FALSE,50000,"CPT,FLEX,FLEX,FLEX,FLEX,FLEX",FALSE,42:55.8,PIT vs LAC,disabled,nfl,0
1532,11,2021REG,DraftKings,59519,11/22/2021 20:15,7544,1,NYG vs TB,Showdown Captain Mode,FALSE,50000,"CPT,FLEX,FLEX,FLEX,FLEX,FLEX",FALSE,16:03.3,NYG vs TB,disabled,nfl,0
1576,12,2021REG,DraftKings,58835,11/25/2021 12:30,7367,3,BAL vs MIA,Showdown Captain Mode,FALSE,50000,"CPT,FLEX,FLEX,FLEX,FLEX,FLEX",TRUE,21:26.9,NULL,disabled,nfl,0
1577,12,2021REG,DraftKings,59520,11/25/2021 12:30,7540,1,CHI vs DET,Showdown Captain Mode,FALSE,50000,"CPT,FLEX,FLEX,FLEX,FLEX,FLEX",FALSE,21:27.1,CHI vs DET,disabled,nfl,0
1579,12,2021REG,DraftKings,59521,11/25/2021 16:30,7537,1,LV vs DAL,Showdown Captain Mode,FALSE,50000,"CPT,FLEX,FLEX,FLEX,FLEX,FLEX",FALSE,21:51.7,LV vs DAL,disabled,nfl,0
1582,12,2021REG,DraftKings,59522,11/25/2021 20:20,7535,1,BUF vs NO,Showdown Captain Mode,FALSE,50000,"CPT,FLEX,FLEX,FLEX,FLEX,FLEX",FALSE,23:06.6,BUF vs NO,disabled,nfl,0
1601,12,2021REG,DraftKings,59881,11/28/2021 13:00,7659,1,NYJ vs HOU,Showdown Captain Mode,FALSE,50000,"CPT,FLEX,FLEX,FLEX,FLEX,FLEX",FALSE,24:03.8,NYJ vs HOU,disabled,nfl,0
1602,12,2021REG,DraftKings,59882,11/28/2021 13:00,7660,1,TB vs IND,Showdown Captain Mode,FALSE,50000,"CPT,FLEX,FLEX,FLEX,FLEX,FLEX",FALSE,24:09.4,TB vs IND,disabled,nfl,0
1603,12,2021REG,DraftKings,59883,11/28/2021 13:00,7661,1,PHI vs NYG,Showdown Captain Mode,FALSE,50000,"CPT,FLEX,FLEX,FLEX,FLEX,FLEX",FALSE,24:15.4,PHI vs NYG,disabled,nfl,0
1604,12,2021REG,DraftKings,59884,11/28/2021 13:00,7662,1,CAR vs MIA,Showdown Captain Mode,FALSE,50000,"CPT,FLEX,FLEX,FLEX,FLEX,FLEX",FALSE,24:21.7,CAR vs MIA,disabled,nfl,0
1605,12,2021REG,DraftKings,59885,11/28/2021 13:00,7663,1,TEN vs NE,Showdown Captain Mode,FALSE,50000,"CPT,FLEX,FLEX,FLEX,FLEX,FLEX",FALSE,24:28.0,TEN vs NE,disabled,nfl,0
1606,12,2021REG,DraftKings,59886,11/28/2021 13:00,7664,1,PIT vs CIN,Showdown Captain Mode,FALSE,50000,"CPT,FLEX,FLEX,FLEX,FLEX,FLEX",FALSE,24:38.2,PIT vs CIN,disabled,nfl,0
1607,12,2021REG,DraftKings,59887,11/28/2021 13:00,7665,1,ATL vs JAX,Showdown Captain Mode,FALSE,50000,"CPT,FLEX,FLEX,FLEX,FLEX,FLEX",FALSE,24:43.9,ATL vs JAX,disabled,nfl,0
1610,12,2021REG,DraftKings,59888,11/28/2021 16:05,7656,1,LAC vs DEN,Showdown Captain Mode,FALSE,50000,"CPT,FLEX,FLEX,FLEX,FLEX,FLEX",FALSE,26:13.0,LAC vs DEN,disabled,nfl,0
1612,12,2021REG,DraftKings,59889,11/28/2021 16:25,7653,1,LAR vs GB,Showdown Captain Mode,FALSE,50000,"CPT,FLEX,FLEX,FLEX,FLEX,FLEX",FALSE,26:27.4,LAR vs GB,disabled,nfl,0
1613,12,2021REG,DraftKings,59890,11/28/2021 16:25,7654,1,MIN vs SF,Showdown Captain Mode,FALSE,50000,"CPT,FLEX,FLEX,FLEX,FLEX,FLEX",FALSE,26:33.2,MIN vs SF,disabled,nfl,0
1615,12,2021REG,DraftKings,59891,11/28/2021 20:20,7651,1,CLE vs BAL,Showdown Captain Mode,FALSE,50000,"CPT,FLEX,FLEX,FLEX,FLEX,FLEX",FALSE,27:00.5,CLE vs BAL,disabled,nfl,0
1617,12,2021REG,DraftKings,59892,11/29/2021 20:15,7649,1,SEA vs WAS,Showdown Captain Mode,FALSE,50000,"CPT,FLEX,FLEX,FLEX,FLEX,FLEX",FALSE,27:26.9,SEA vs WAS,active,nfl,0
1671,13,2021REG,DraftKings,59893,12/2/2021 20:20,7647,1,DAL vs NO,Showdown Captain Mode,FALSE,50000,"CPT,FLEX,FLEX,FLEX,FLEX,FLEX",FALSE,43:58.3,DAL vs NO,disabled,nfl,0
1686,13,2021REG,DraftKings,60257,12/5/2021 13:00,7738,1,IND vs HOU,Showdown Captain Mode,FALSE,50000,"CPT,FLEX,FLEX,FLEX,FLEX,FLEX",FALSE,47:16.5,IND vs HOU,disabled,nfl,0
1687,13,2021REG,DraftKings,60258,12/5/2021 13:00,7739,1,NYG vs MIA,Showdown Captain Mode,FALSE,50000,"CPT,FLEX,FLEX,FLEX,FLEX,FLEX",FALSE,47:23.7,NYG vs MIA,disabled,nfl,0
1688,13,2021REG,DraftKings,60259,12/5/2021 13:00,7740,1,MIN vs DET,Showdown Captain Mode,FALSE,50000,"CPT,FLEX,FLEX,FLEX,FLEX,FLEX",FALSE,47:36.9,MIN vs DET,disabled,nfl,0
1689,13,2021REG,DraftKings,60260,12/5/2021 13:00,7741,1,PHI vs NYJ,Showdown Captain Mode,FALSE,50000,"CPT,FLEX,FLEX,FLEX,FLEX,FLEX",FALSE,47:47.5,PHI vs NYJ,disabled,nfl,0
1690,13,2021REG,DraftKings,60261,12/5/2021 13:00,7742,1,ARI vs CHI,Showdown Captain Mode,FALSE,50000,"CPT,FLEX,FLEX,FLEX,FLEX,FLEX",FALSE,47:55.0,ARI vs CHI,disabled,nfl,0
1691,13,2021REG,DraftKings,60262,12/5/2021 13:00,7743,1,LAC vs CIN,Showdown Captain Mode,FALSE,50000,"CPT,FLEX,FLEX,FLEX,FLEX,FLEX",FALSE,48:02.1,LAC vs CIN,disabled,nfl,0
1692,13,2021REG,DraftKings,60263,12/5/2021 13:00,7744,1,TB vs ATL,Showdown Captain Mode,FALSE,50000,"CPT,FLEX,FLEX,FLEX,FLEX,FLEX",FALSE,48:09.4,TB vs ATL,disabled,nfl,0
1695,13,2021REG,DraftKings,60264,12/5/2021 16:05,7736,1,WAS vs LV,Showdown Captain Mode,FALSE,50000,"CPT,FLEX,FLEX,FLEX,FLEX,FLEX",FALSE,41:23.0,WAS vs LV,disabled,nfl,0
1696,13,2021REG,DraftKings,60265,12/5/2021 16:05,7737,1,JAX vs LAR,Showdown Captain Mode,FALSE,50000,"CPT,FLEX,FLEX,FLEX,FLEX,FLEX",FALSE,41:23.6,JAX vs LAR,disabled,nfl,0
1698,13,2021REG,DraftKings,60267,12/5/2021 16:25,7757,1,BAL vs PIT,Showdown Captain Mode,FALSE,50000,"CPT,FLEX,FLEX,FLEX,FLEX,FLEX",FALSE,41:24.0,BAL vs PIT,disabled,nfl,0
1699,13,2021REG,DraftKings,60268,12/5/2021 16:25,7758,1,SF vs SEA,Showdown Captain Mode,FALSE,50000,"CPT,FLEX,FLEX,FLEX,FLEX,FLEX",FALSE,41:26.8,SF vs SEA,disabled,nfl,0
1701,13,2021REG,DraftKings,60269,12/5/2021 20:20,7754,1,DEN vs KC,Showdown Captain Mode,FALSE,50000,"CPT,FLEX,FLEX,FLEX,FLEX,FLEX",FALSE,24:05.2,DEN vs KC,disabled,nfl,0
1703,13,2021REG,DraftKings,60270,12/6/2021 20:15,7752,1,NE vs BUF,Showdown Captain Mode,FALSE,50000,"CPT,FLEX,FLEX,FLEX,FLEX,FLEX",FALSE,23:28.9,NE vs BUF,active,nfl,0
1740,14,2021REG,DraftKings,60271,12/9/2021 20:20,7750,1,PIT vs MIN,Showdown Captain Mode,FALSE,50000,"CPT,FLEX,FLEX,FLEX,FLEX,FLEX",FALSE,31:11.4,PIT vs MIN,disabled,nfl,0
1761,14,2021REG,DraftKings,60542,12/12/2021 13:00,7834,1,SEA vs HOU,Showdown Captain Mode,FALSE,50000,"CPT,FLEX,FLEX,FLEX,FLEX,FLEX",FALSE,35:35.2,SEA vs HOU,disabled,nfl,0
1762,14,2021REG,DraftKings,60543,12/12/2021 13:00,7835,1,DAL vs WAS,Showdown Captain Mode,FALSE,50000,"CPT,FLEX,FLEX,FLEX,FLEX,FLEX",FALSE,35:42.8,DAL vs WAS,disabled,nfl,0
1763,14,2021REG,DraftKings,60544,12/12/2021 13:00,7836,1,JAX vs TEN,Showdown Captain Mode,FALSE,50000,"CPT,FLEX,FLEX,FLEX,FLEX,FLEX",FALSE,35:50.5,JAX vs TEN,disabled,nfl,0
1764,14,2021REG,DraftKings,60545,12/12/2021 13:00,7837,1,LV vs KC,Showdown Captain Mode,FALSE,50000,"CPT,FLEX,FLEX,FLEX,FLEX,FLEX",FALSE,35:58.7,LV vs KC,disabled,nfl,0
1765,14,2021REG,DraftKings,60546,12/12/2021 13:00,7838,1,NO vs NYJ,Showdown Captain Mode,FALSE,50000,"CPT,FLEX,FLEX,FLEX,FLEX,FLEX",FALSE,36:06.2,NO vs NYJ,disabled,nfl,0
1766,14,2021REG,DraftKings,60547,12/12/2021 13:00,7839,1,ATL vs CAR,Showdown Captain Mode,FALSE,50000,"CPT,FLEX,FLEX,FLEX,FLEX,FLEX",FALSE,36:14.2,ATL vs CAR,disabled,nfl,0
1767,14,2021REG,DraftKings,60548,12/12/2021 13:00,7840,1,BAL vs CLE,Showdown Captain Mode,FALSE,50000,"CPT,FLEX,FLEX,FLEX,FLEX,FLEX",FALSE,36:21.1,BAL vs CLE,disabled,nfl,0
1768,14,2021REG,DraftKings,60549,12/12/2021 16:05,7852,1,NYG vs LAC,Showdown Captain Mode,FALSE,50000,"CPT,FLEX,FLEX,FLEX,FLEX,FLEX",FALSE,36:57.1,NYG vs LAC,disabled,nfl,0
1769,14,2021REG,DraftKings,60550,12/12/2021 16:05,7853,1,DET vs DEN,Showdown Captain Mode,FALSE,50000,"CPT,FLEX,FLEX,FLEX,FLEX,FLEX",FALSE,37:05.6,DET vs DEN,disabled,nfl,0
1770,14,2021REG,DraftKings,60551,12/12/2021 16:25,7849,1,SF vs CIN,Showdown Captain Mode,FALSE,50000,"CPT,FLEX,FLEX,FLEX,FLEX,FLEX",FALSE,37:20.5,SF vs CIN,disabled,nfl,0
1771,14,2021REG,DraftKings,60552,12/12/2021 16:25,7850,1,BUF vs TB,Showdown Captain Mode,FALSE,50000,"CPT,FLEX,FLEX,FLEX,FLEX,FLEX",FALSE,37:27.5,BUF vs TB,disabled,nfl,0
1772,14,2021REG,DraftKings,60553,12/12/2021 20:20,7846,1,CHI vs GB,Showdown Captain Mode,FALSE,50000,"CPT,FLEX,FLEX,FLEX,FLEX,FLEX",FALSE,37:56.9,CHI vs GB,disabled,nfl,0
1773,14,2021REG,DraftKings,60554,12/13/2021 20:15,7844,1,LAR vs ARI,Showdown Captain Mode,FALSE,50000,"CPT,FLEX,FLEX,FLEX,FLEX,FLEX",FALSE,38:29.5,LAR vs ARI,active,nfl,0
1810,15,2021REG,DraftKings,60555,12/16/2021 20:20,7842,1,KC vs LAC,Showdown Captain Mode,FALSE,50000,"CPT,FLEX,FLEX,FLEX,FLEX,FLEX",FALSE,32:14.2,KC vs LAC,disabled,nfl,0
1814,15,2021REG,DraftKings,60951,12/18/2021 16:30,7926,1,LV vs CLE,Showdown Captain Mode,FALSE,50000,"CPT,FLEX,FLEX,FLEX,FLEX,FLEX",TRUE,34:21.8,LV vs CLE,disabled,nfl,0
1851,15,2021REG,DraftKings,60980,12/18/2021 20:20,7973,1,NE vs IND,Showdown Captain Mode,FALSE,50000,"CPT,FLEX,FLEX,FLEX,FLEX,FLEX",FALSE,38:39.4,NE vs IND,disabled,nfl,0
1852,15,2021REG,DraftKings,60981,12/19/2021 13:00,7966,1,DAL vs NYG,Showdown Captain Mode,FALSE,50000,"CPT,FLEX,FLEX,FLEX,FLEX,FLEX",FALSE,45:24.4,DAL vs NYG,disabled,nfl,0
1853,15,2021REG,DraftKings,60982,12/19/2021 13:00,7967,1,HOU vs JAX,Showdown Captain Mode,FALSE,50000,"CPT,FLEX,FLEX,FLEX,FLEX,FLEX",FALSE,45:58.2,HOU vs JAX,disabled,nfl,0
1854,15,2021REG,DraftKings,60983,12/19/2021 13:00,7968,1,TEN vs PIT,Showdown Captain Mode,FALSE,50000,"CPT,FLEX,FLEX,FLEX,FLEX,FLEX",FALSE,46:21.2,TEN vs PIT,disabled,nfl,0
1855,15,2021REG,DraftKings,60984,12/19/2021 13:00,7969,1,ARI vs DET,Showdown Captain Mode,FALSE,50000,"CPT,FLEX,FLEX,FLEX,FLEX,FLEX",FALSE,46:49.2,ARI vs DET,disabled,nfl,0
1856,15,2021REG,DraftKings,60985,12/19/2021 13:00,7970,1,NYJ vs MIA,Showdown Captain Mode,FALSE,50000,"CPT,FLEX,FLEX,FLEX,FLEX,FLEX",FALSE,47:14.4,NYJ vs MIA,disabled,nfl,0
1857,15,2021REG,DraftKings,60986,12/19/2021 13:00,7971,1,WAS vs PHI,Showdown Captain Mode,FALSE,50000,"CPT,FLEX,FLEX,FLEX,FLEX,FLEX",TRUE,47:57.5,WAS vs PHI,disabled,nfl,0
1858,15,2021REG,DraftKings,60987,12/19/2021 13:00,7972,1,CAR vs BUF,Showdown Captain Mode,FALSE,50000,"CPT,FLEX,FLEX,FLEX,FLEX,FLEX",FALSE,48:07.7,CAR vs BUF,disabled,nfl,0
1859,15,2021REG,DraftKings,60988,12/19/2021 16:05,7963,1,CIN vs DEN,Showdown Captain Mode,FALSE,50000,"CPT,FLEX,FLEX,FLEX,FLEX,FLEX",FALSE,49:43.5,CIN vs DEN,disabled,nfl,0
1860,15,2021REG,DraftKings,60989,12/19/2021 16:05,7964,1,ATL vs SF,Showdown Captain Mode,FALSE,50000,"CPT,FLEX,FLEX,FLEX,FLEX,FLEX",FALSE,49:57.7,ATL vs SF,disabled,nfl,0
1861,15,2021REG,DraftKings,60990,12/19/2021 16:25,7960,1,GB vs BAL,Showdown Captain Mode,FALSE,50000,"CPT,FLEX,FLEX,FLEX,FLEX,FLEX",FALSE,50:45.4,GB vs BAL,disabled,nfl,0
1862,15,2021REG,DraftKings,60991,12/19/2021 16:25,7961,1,SEA vs LAR,Showdown Captain Mode,FALSE,50000,"CPT,FLEX,FLEX,FLEX,FLEX,FLEX",TRUE,51:20.2,SEA vs LAR,disabled,nfl,0
1863,15,2021REG,DraftKings,60992,12/19/2021 20:20,7958,1,NO vs TB,Showdown Captain Mode,FALSE,50000,"CPT,FLEX,FLEX,FLEX,FLEX,FLEX",FALSE,52:14.3,NO vs TB,disabled,nfl,0
1864,15,2021REG,DraftKings,60993,12/20/2021 20:15,7956,1,MIN vs CHI,Showdown Captain Mode,FALSE,50000,"CPT,FLEX,FLEX,FLEX,FLEX,FLEX",FALSE,08:03.2,MIN vs CHI,disabled,nfl,0
1888,15,2021REG,DraftKings,61127,12/20/2021 17:00,8015,1,LV vs CLE,Showdown Captain Mode,FALSE,50000,"CPT,FLEX,FLEX,FLEX,FLEX,FLEX",FALSE,07:59.8,LV vs CLE,disabled,nfl,0
1892,15,2021REG,DraftKings,61133,12/21/2021 19:00,8009,1,WAS vs PHI,Showdown Captain Mode,FALSE,50000,"CPT,FLEX,FLEX,FLEX,FLEX,FLEX",FALSE,58:30.0,WAS vs PHI,active,nfl,0
1893,15,2021REG,DraftKings,61134,12/21/2021 19:00,8010,1,SEA vs LAR,Showdown Captain Mode,FALSE,50000,"CPT,FLEX,FLEX,FLEX,FLEX,FLEX",FALSE,59:24.7,SEA vs LAR,active,nfl,0
1913,16,2021REG,DraftKings,60994,12/23/2021 20:20,7954,1,SF vs TEN,Showdown Captain Mode,FALSE,50000,"CPT,FLEX,FLEX,FLEX,FLEX,FLEX",FALSE,39:19.8,SF vs TEN,active,nfl,0
1915,16,2021REG,DraftKings,61196,12/25/2021 16:30,8041,1,CLE vs GB,Showdown Captain Mode,FALSE,50000,"CPT,FLEX,FLEX,FLEX,FLEX,FLEX",FALSE,39:19.2,CLE vs GB,active,nfl,0
1917,16,2021REG,DraftKings,61197,12/25/2021 20:15,8040,1,IND vs ARI,Showdown Captain Mode,FALSE,50000,"CPT,FLEX,FLEX,FLEX,FLEX,FLEX",FALSE,39:45.4,IND vs ARI,active,nfl,0
1921,16,2021REG,DraftKings,61217,12/26/2021 13:00,8060,1,NYG vs PHI,Showdown Captain Mode,FALSE,50000,"CPT,FLEX,FLEX,FLEX,FLEX,FLEX",FALSE,39:44.7,NYG vs PHI,active,nfl,0
1922,16,2021REG,DraftKings,61218,12/26/2021 13:00,8061,1,LAR vs MIN,Showdown Captain Mode,FALSE,50000,"CPT,FLEX,FLEX,FLEX,FLEX,FLEX",FALSE,39:43.9,LAR vs MIN,active,nfl,0
1923,16,2021REG,DraftKings,61219,12/26/2021 13:00,8062,1,BUF vs NE,Showdown Captain Mode,FALSE,50000,"CPT,FLEX,FLEX,FLEX,FLEX,FLEX",FALSE,39:43.4,BUF vs NE,active,nfl,0
1924,16,2021REG,DraftKings,61220,12/26/2021 13:00,8063,1,TB vs CAR,Showdown Captain Mode,FALSE,50000,"CPT,FLEX,FLEX,FLEX,FLEX,FLEX",FALSE,39:39.8,TB vs CAR,active,nfl,0
1925,16,2021REG,DraftKings,61221,12/26/2021 13:00,8064,1,JAX vs NYJ,Showdown Captain Mode,FALSE,50000,"CPT,FLEX,FLEX,FLEX,FLEX,FLEX",FALSE,39:38.9,JAX vs NYJ,active,nfl,0
1926,16,2021REG,DraftKings,61222,12/26/2021 13:00,8065,1,DET vs ATL,Showdown Captain Mode,FALSE,50000,"CPT,FLEX,FLEX,FLEX,FLEX,FLEX",FALSE,39:38.1,DET vs ATL,active,nfl,0
1927,16,2021REG,DraftKings,61223,12/26/2021 13:00,8066,1,LAC vs HOU,Showdown Captain Mode,FALSE,50000,"CPT,FLEX,FLEX,FLEX,FLEX,FLEX",FALSE,39:43.5,LAC vs HOU,active,nfl,0
1928,16,2021REG,DraftKings,61224,12/26/2021 13:00,8067,1,BAL vs CIN,Showdown Captain Mode,FALSE,50000,"CPT,FLEX,FLEX,FLEX,FLEX,FLEX",FALSE,39:48.4,BAL vs CIN,active,nfl,0
1930,16,2021REG,DraftKings,61225,12/26/2021 16:05,8058,1,CHI vs SEA,Showdown Captain Mode,FALSE,50000,"CPT,FLEX,FLEX,FLEX,FLEX,FLEX",FALSE,39:47.7,CHI vs SEA,active,nfl,0
1932,16,2021REG,DraftKings,61226,12/26/2021 16:25,8056,1,PIT vs KC,Showdown Captain Mode,FALSE,50000,"CPT,FLEX,FLEX,FLEX,FLEX,FLEX",FALSE,39:47.0,PIT vs KC,active,nfl,0
1933,16,2021REG,DraftKings,61227,12/26/2021 16:25,8057,1,DEN vs LV,Showdown Captain Mode,FALSE,50000,"CPT,FLEX,FLEX,FLEX,FLEX,FLEX",FALSE,39:56.5,DEN vs LV,active,nfl,0
1935,16,2021REG,DraftKings,61229,12/26/2021 20:20,8054,1,WAS vs DAL,Showdown Captain Mode,FALSE,50000,"CPT,FLEX,FLEX,FLEX,FLEX,FLEX",FALSE,39:55.7,WAS vs DAL,active,nfl,0
1936,16,2021REG,DraftKings,61230,12/27/2021 20:15,8053,1,MIA vs NO,Showdown Captain Mode,FALSE,50000,"CPT,FLEX,FLEX,FLEX,FLEX,FLEX",FALSE,39:08.2,MIA vs NO,active,nfl,0
2000,17,2021REG,DraftKings,61418,1/2/2022 20:20,8152,1,MIN vs GB,Showdown Captain Mode,FALSE,50000,"CPT,FLEX,FLEX,FLEX,FLEX,FLEX",FALSE,14:19.0,MIN vs GB,disabled,nfl,0
2001,17,2021REG,DraftKings,61419,1/3/2022 20:15,8150,1,CLE vs PIT,Showdown Captain Mode,FALSE,50000,"CPT,FLEX,FLEX,FLEX,FLEX,FLEX",FALSE,14:42.7,CLE vs PIT,active,nfl,0
2005,17,2021REG,DraftKings,61475,1/2/2022 13:00,8165,1,KC vs CIN,Showdown Captain Mode,FALSE,50000,"CPT,FLEX,FLEX,FLEX,FLEX,FLEX",FALSE,11:03.2,KC vs CIN,disabled,nfl,0
2006,17,2021REG,DraftKings,61485,1/2/2022 13:00,8166,1,LAR vs BAL,Showdown Captain Mode,FALSE,50000,"CPT,FLEX,FLEX,FLEX,FLEX,FLEX",FALSE,11:09.8,LAR vs BAL,disabled,nfl,0
2007,17,2021REG,DraftKings,61478,1/2/2022 13:00,8167,1,TB vs NYJ,Showdown Captain Mode,FALSE,50000,"CPT,FLEX,FLEX,FLEX,FLEX,FLEX",FALSE,11:18.8,TB vs NYJ,disabled,nfl,0
2008,17,2021REG,DraftKings,61476,1/2/2022 13:00,8168,1,PHI vs WAS,Showdown Captain Mode,FALSE,50000,"CPT,FLEX,FLEX,FLEX,FLEX,FLEX",FALSE,11:28.0,PHI vs WAS,disabled,nfl,0
2009,17,2021REG,DraftKings,61479,1/2/2022 13:00,8169,1,TEN vs MIA,Showdown Captain Mode,FALSE,50000,"CPT,FLEX,FLEX,FLEX,FLEX,FLEX",FALSE,11:35.3,TEN vs MIA,disabled,nfl,0
2010,17,2021REG,DraftKings,61480,1/2/2022 13:00,8170,1,JAX vs NE,Showdown Captain Mode,FALSE,50000,"CPT,FLEX,FLEX,FLEX,FLEX,FLEX",FALSE,11:48.8,JAX vs NE,disabled,nfl,0
2011,17,2021REG,DraftKings,61481,1/2/2022 13:00,8171,1,LV vs IND,Showdown Captain Mode,FALSE,50000,"CPT,FLEX,FLEX,FLEX,FLEX,FLEX",FALSE,11:55.9,LV vs IND,disabled,nfl,0
2012,17,2021REG,DraftKings,61482,1/2/2022 13:00,8172,1,NYG vs CHI,Showdown Captain Mode,FALSE,50000,"CPT,FLEX,FLEX,FLEX,FLEX,FLEX",FALSE,12:08.3,NYG vs CHI,disabled,nfl,0
2013,17,2021REG,DraftKings,61483,1/2/2022 13:00,8173,1,ATL vs BUF,Showdown Captain Mode,FALSE,50000,"CPT,FLEX,FLEX,FLEX,FLEX,FLEX",FALSE,12:17.6,ATL vs BUF,disabled,nfl,0
2014,17,2021REG,DraftKings,61484,1/2/2022 16:05,8163,1,HOU vs SF,Showdown Captain Mode,FALSE,50000,"CPT,FLEX,FLEX,FLEX,FLEX,FLEX",FALSE,12:59.4,HOU vs SF,disabled,nfl,0
2015,17,2021REG,DraftKings,61487,1/2/2022 16:05,8164,1,DEN vs LAC,Showdown Captain Mode,FALSE,50000,"CPT,FLEX,FLEX,FLEX,FLEX,FLEX",FALSE,13:10.4,DEN vs LAC,disabled,nfl,0
2016,17,2021REG,DraftKings,61486,1/2/2022 16:25,8160,1,ARI vs DAL,Showdown Captain Mode,FALSE,50000,"CPT,FLEX,FLEX,FLEX,FLEX,FLEX",FALSE,13:31.1,ARI vs DAL,disabled,nfl,0
2017,17,2021REG,DraftKings,61477,1/2/2022 16:25,8161,1,CAR vs NO,Showdown Captain Mode,FALSE,50000,"CPT,FLEX,FLEX,FLEX,FLEX,FLEX",FALSE,13:39.7,CAR vs NO,disabled,nfl,0
2018,17,2021REG,DraftKings,61488,1/2/2022 16:25,8162,1,DET vs SEA,Showdown Captain Mode,FALSE,50000,"CPT,FLEX,FLEX,FLEX,FLEX,FLEX",FALSE,13:46.8,DET vs SEA,disabled,nfl,0
2058,18,2021REG,DraftKings,61711,1/8/2022 16:30,8233,1,KC vs DEN,Showdown Captain Mode,FALSE,50000,"CPT,FLEX,FLEX,FLEX,FLEX,FLEX",FALSE,08:36.9,KC vs DEN,active,nfl,0
2060,18,2021REG,DraftKings,61712,1/8/2022 20:15,8229,1,DAL vs PHI,Showdown Captain Mode,FALSE,50000,"CPT,FLEX,FLEX,FLEX,FLEX,FLEX",FALSE,08:59.8,DAL vs PHI,active,nfl,0
2065,18,2021REG,DraftKings,61772,1/9/2022 13:00,8267,1,GB vs DET,Showdown Captain Mode,FALSE,50000,"CPT,FLEX,FLEX,FLEX,FLEX,FLEX",FALSE,12:18.5,GB vs DET,active,nfl,0
2066,18,2021REG,DraftKings,61773,1/9/2022 13:00,8268,1,IND vs JAX,Showdown Captain Mode,FALSE,50000,"CPT,FLEX,FLEX,FLEX,FLEX,FLEX",FALSE,12:30.8,IND vs JAX,active,nfl,0
2067,18,2021REG,DraftKings,61774,1/9/2022 13:00,8269,1,WAS vs NYG,Showdown Captain Mode,FALSE,50000,"CPT,FLEX,FLEX,FLEX,FLEX,FLEX",FALSE,12:41.1,WAS vs NYG,active,nfl,0
2068,18,2021REG,DraftKings,61775,1/9/2022 13:00,8270,1,CHI vs MIN,Showdown Captain Mode,FALSE,50000,"CPT,FLEX,FLEX,FLEX,FLEX,FLEX",FALSE,12:54.5,CHI vs MIN,active,nfl,0
2069,18,2021REG,DraftKings,61778,1/9/2022 13:00,8271,1,TEN vs HOU,Showdown Captain Mode,FALSE,50000,"CPT,FLEX,FLEX,FLEX,FLEX,FLEX",FALSE,13:05.6,TEN vs HOU,active,nfl,0
2070,18,2021REG,DraftKings,61779,1/9/2022 13:00,8272,1,PIT vs BAL,Showdown Captain Mode,FALSE,50000,"CPT,FLEX,FLEX,FLEX,FLEX,FLEX",FALSE,13:17.5,PIT vs BAL,active,nfl,0
2071,18,2021REG,DraftKings,61780,1/9/2022 13:00,8273,1,CIN vs CLE,Showdown Captain Mode,FALSE,50000,"CPT,FLEX,FLEX,FLEX,FLEX,FLEX",FALSE,13:27.8,CIN vs CLE,active,nfl,0
2073,18,2021REG,DraftKings,61781,1/9/2022 16:25,8258,1,CAR vs TB,Showdown Captain Mode,FALSE,50000,"CPT,FLEX,FLEX,FLEX,FLEX,FLEX",FALSE,15:57.6,CAR vs TB,active,nfl,0
2074,18,2021REG,DraftKings,61782,1/9/2022 16:25,8259,1,NE vs MIA,Showdown Captain Mode,FALSE,50000,"CPT,FLEX,FLEX,FLEX,FLEX,FLEX",FALSE,16:09.1,NE vs MIA,active,nfl,0
2075,18,2021REG,DraftKings,61784,1/9/2022 16:25,8260,1,NYJ vs BUF,Showdown Captain Mode,FALSE,50000,"CPT,FLEX,FLEX,FLEX,FLEX,FLEX",FALSE,16:20.0,NYJ vs BUF,active,nfl,0
2076,18,2021REG,DraftKings,61785,1/9/2022 16:25,8261,1,SF vs LAR,Showdown Captain Mode,FALSE,50000,"CPT,FLEX,FLEX,FLEX,FLEX,FLEX",FALSE,16:29.3,SF vs LAR,active,nfl,0
2077,18,2021REG,DraftKings,61786,1/9/2022 16:25,8262,1,SEA vs ARI,Showdown Captain Mode,FALSE,50000,"CPT,FLEX,FLEX,FLEX,FLEX,FLEX",FALSE,16:40.4,SEA vs ARI,active,nfl,0
2078,18,2021REG,DraftKings,61788,1/9/2022 16:25,8263,1,NO vs ATL,Showdown Captain Mode,FALSE,50000,"CPT,FLEX,FLEX,FLEX,FLEX,FLEX",FALSE,16:51.6,NO vs ATL,active,nfl,0
2080,18,2021REG,DraftKings,61787,1/9/2022 20:20,8256,1,LAC vs LV,Showdown Captain Mode,FALSE,50000,"CPT,FLEX,FLEX,FLEX,FLEX,FLEX",FALSE,17:54.2,LAC vs LV,active,nfl,0
2127,1,2021POST,DraftKings,62162,1/15/2022 16:30,8326,1,LV vs CIN,Showdown Captain Mode,FALSE,50000,"CPT,FLEX,FLEX,FLEX,FLEX,FLEX",FALSE,32:24.2,LV vs CIN,active,nfl,0
2128,1,2021POST,DraftKings,62163,1/15/2022 20:15,8324,1,NE vs BUF,Showdown Captain Mode,FALSE,50000,"CPT,FLEX,FLEX,FLEX,FLEX,FLEX",FALSE,32:35.0,NE vs BUF,active,nfl,0
2130,1,2021POST,DraftKings,62164,1/16/2022 13:00,8321,1,PHI vs TB,Showdown Captain Mode,FALSE,50000,"CPT,FLEX,FLEX,FLEX,FLEX,FLEX",FALSE,33:06.9,PHI vs TB,active,nfl,0
2132,1,2021POST,DraftKings,62165,1/16/2022 16:30,8319,1,SF vs DAL,Showdown Captain Mode,FALSE,50000,"CPT,FLEX,FLEX,FLEX,FLEX,FLEX",FALSE,33:28.0,SF vs DAL,active,nfl,0
2134,1,2021POST,DraftKings,62166,1/16/2022 20:15,8316,1,PIT vs KC,Showdown Captain Mode,FALSE,50000,"CPT,FLEX,FLEX,FLEX,FLEX,FLEX",FALSE,33:49.4,PIT vs KC,active,nfl,0
2136,1,2021POST,DraftKings,62167,1/17/2022 20:15,8315,1,ARI vs LAR,Showdown Captain Mode,FALSE,50000,"CPT,FLEX,FLEX,FLEX,FLEX,FLEX",FALSE,34:18.4,ARI vs LAR,active,nfl,0
2173,2,2021POST,DraftKings,62580,1/22/2022 16:30,8391,1,CIN vs TEN,Showdown Captain Mode,FALSE,50000,"CPT,FLEX,FLEX,FLEX,FLEX,FLEX",FALSE,53:09.8,CIN @ TEN,active,nfl,0
2175,2,2021POST,DraftKings,62581,1/22/2022 20:15,8389,1,SF vs GB,Showdown Captain Mode,FALSE,50000,"CPT,FLEX,FLEX,FLEX,FLEX,FLEX",FALSE,53:31.3,SF @ GB,active,nfl,0
2178,2,2021POST,DraftKings,62582,1/23/2022 18:30,8386,1,BUF vs KC,Showdown Captain Mode,FALSE,50000,"CPT,FLEX,FLEX,FLEX,FLEX,FLEX",FALSE,54:26.2,BUF vs KC,active,nfl,0
2180,2,2021POST,DraftKings,62585,1/23/2022 15:00,8395,1,LAR vs TB,Showdown Captain Mode,FALSE,50000,"CPT,FLEX,FLEX,FLEX,FLEX,FLEX",FALSE,54:11.9,LAR @ TB,active,nfl,0
2207,3,2021POST,DraftKings,62866,1/30/2022 15:00,8443,1,CIN vs KC,Showdown Captain Mode,FALSE,50000,"CPT,FLEX,FLEX,FLEX,FLEX,FLEX",FALSE,59:50.5,CIN @ KC,active,nfl,0
2209,3,2021POST,DraftKings,62867,1/30/2022 18:30,8441,1,SF vs LAR,Showdown Captain Mode,FALSE,50000,"CPT,FLEX,FLEX,FLEX,FLEX,FLEX",FALSE,00:25.0,SF @ LAR,active,nfl,0
2222,4,2021POST,DraftKings,63088,2/13/2022 18:30,8466,1,Super Bowl,Showdown Captain Mode,FALSE,50000,"CPT,FLEX,FLEX,FLEX,FLEX,FLEX",FALSE,57:04.4,LAR @ CIN,active,nfl,0
